0.048284162185154855, -0.020431935787200928
-0.252758830669336, -0.08812281396239996
-0.4741475550690666, -0.09132381901144981
-0.7018466040026397, -0.1277684075757861
-0.9544321786379442, -0.13829034473747015
-1.199230917613022, -0.15252495650202036
-1.4502698523574509, -0.16859327955171466
-1.705981717153918, -0.18280351348221302
-1.9648157405899838, -0.19885441614314914
-2.236443700036034, -0.35899335192516446
-2.5000868007773533, -0.43415826465934515
-2.735469560197089, -0.4206991344690323
-2.9646575061487965, -0.42573031689971685
-3.1906572800362483, -0.39935858454555273
-3.421338233165443, -0.3748240415006876
-3.6644624391337857, -0.3373281676322222
-3.9324896681355312, -0.2813001894392073
-4.1989578767097555, -0.22527568461373448
-4.4966889476636425, -0.20613433560356498
-4.7663659562240355, -0.19075092300772667
-5.062566892709583, -0.18454651487991214
-5.336937459069304, -0.17654320178553462
-5.62222114688484, -0.1685155089944601
-5.899701492395252, -0.1568099381402135
-6.18187126837438, -0.1506368308328092
-6.456241833104286, -0.14263348514214158
-6.741554401698522, -0.14753923751413822
-7.019071885966696, -0.1524623902514577
-7.285663869231939, -0.15186698967590928
-7.560079823073465, -0.1641876487992704
-7.831394249224104, -0.1839058231562376
-8.105818458017893, -0.19992174673825502
-8.375553237798158, -0.21040519140660763
-8.643716618127655, -0.21534918947145343
-8.913434891786892, -0.21844205912202597
-9.180026874761097, -0.21784660778939724
-9.44975340255769, -0.22463474329560995
-9.710125823912676, -0.231443764641881
-9.986121435940731, -0.2529990724287927
-10.249644912197255, -0.2745822314172983
-10.538133304100484, -0.305347862187773
-10.812586411368102, -0.3342971885576844
-11.09642251546029, -0.37615908682346344
-11.372451155330054, -0.41249547339975834
-11.653140340407845, -0.441430845297873
-11.919802495045587, -0.47224519215524197
-12.197390158311464, -0.5085780723020434
-12.453130939335097, -0.5357215041294694
-12.726008531462867, -0.5572837013751268
-13.001979396794923, -0.5677530877292156
-13.284178077417891, -0.5745132560841739
-13.553875722514931, -0.5683678011409938
-13.800204616156407, -0.5696651414036751
-14.068392776709516, -0.5856948317959905
-14.347506446414627, -0.6072430508211255
-14.61882915784372, -0.6306563187390566
-14.908880717761349, -0.6632659779861569
-15.16776018566452, -0.6996405716054142
-15.459358385298401, -0.7267038146965206
-15.715099181572441, -0.7538471627049148
-15.992662098724395, -0.779094098135829
-16.246831495896913, -0.80069799721241
-16.525957559235394, -0.8277890742756426
-16.791052468819544, -0.8549114936031401
-17.06084507412743, -0.8912616544403136
-17.32908278994728, -0.9294629306532443
-17.5926517121261, -0.9713699286803603
-17.86557887273375, -1.0151036586612463
-18.140085696068127, -1.068072095979005
-18.40991546731675, -1.1210509738884866
-18.687565101194195, -1.1850982666946948
-18.94493099534884, -1.2418002793565392
-19.21320588933304, -1.2966302605345845
-19.470563531969674, -1.3496369807980955
-19.748225568269845, -1.4192271623760462
-20.00090616417583, -1.4722443204373121
-20.252036003104877, -1.5289602358825505
-20.49692151643103, -1.5819948026910424
-20.765221202687826, -1.647910579573363
-21.014800291100983, -1.7083252388983965
-21.262812106637284, -1.7650480945594609
-21.50922774738865, -1.8051456757821143
-21.744697230344173, -1.830486521590501
-21.980191490030847, -1.8669131989590824
-22.249959364999086, -1.8921773810870945
-22.511965190060437, -1.9322400926612318
-22.77556719718268, -1.9889280693605542
-23.004887335468084, -2.0530832544900477
-23.23579540080391, -2.1301684249192476
-23.463552398083266, -2.1924794455990195
-23.70535294682486, -2.2603020169772208
-23.950292184832506, -2.337355811148882
-24.18275928212097, -2.4144374765455723
-24.426164285920095, -2.502580582164228
-24.660268873965833, -2.6147639034315944
-24.872555477370042, -2.730691283941269
-25.081752958882134, -2.859559107106179
-25.3017974930699, -2.9588402970694005
-25.50952269526897, -3.1265120268799365
-25.66581683064578, -3.301689309068024
-25.853411102085374, -3.530378438066691
-26.011338607931975, -3.738809741102159
-26.19581485952949, -3.967505836393684
-26.345926638983656, -4.166716359555721
-26.51784815971041, -4.358487535268068
-26.6804403567221, -4.5613654544577
-26.832135956326965, -4.771658323239535
-26.982268411666155, -4.980107036884874
-27.130845985317137, -5.190406872425228
-27.276301398524083, -5.398866034578532
-27.412398580287118, -5.6054984661750495
-27.54229686461622, -5.82877359399572
-27.6690812484012, -6.053903327789158
-27.792735210095998, -6.27349711349234
-27.91951134451665, -6.494931565131992
-28.046308138873428, -6.725604214705527
-28.16686473233858, -6.954443161841482
-28.273394294956233, -7.185161113273352
-28.372120508749504, -7.41220121178776
-28.47556095465552, -7.655859610531479
-28.577442389330827, -7.899521492421627
-28.673091884702444, -8.14504495356232
-28.767178235575557, -8.388724260497838
-28.850351459695958, -8.632427962496877
-28.93352881842293, -8.877979303244501
-29.00423402816523, -9.123558525927365
-29.07806967315264, -9.374673697166145
-29.140988056489732, -9.623965624254197
-29.196119611675385, -9.876970257610083
-29.25123464484932, -10.12258433131501
-29.3047824028763, -10.36450661253184
-29.356779403227847, -10.610127655323595
-29.399418163171504, -10.85392197407782
-29.443632464448456, -11.105103362351656
-29.478480260877404, -11.350762744434178
-29.50865513429744, -11.598280222620815
-29.540397287346423, -11.849489495158195
-29.57526574190706, -12.1043870751746
-29.603898123197723, -12.359298596624285
-29.627857575949747, -12.616068212781101
-29.648711383109912, -12.878387719858438
-29.66332498268457, -13.138873526826501
-29.67481228261022, -13.395671029109508
-29.672256015008315, -13.646956977900118
-29.674368544714525, -13.894537192303687
-29.659344250452705, -14.147698665037751
-29.63807974604424, -14.399026439059526
-29.61211752804229, -14.641126471571624
-29.59242030227324, -14.89614603901282
-29.564936235372443, -15.154878313653171
-29.538998797244858, -15.408064184244722
-29.49747528968146, -15.66313254693523
-29.466831871832255, -15.903395395260304
-29.41750086855609, -16.152938266750425
-29.366635624028277, -16.41357045993209
-29.311093319032807, -16.674213108606637
-29.258644265239127, -16.923762950114906
-29.192184682993684, -17.182582355570048
-29.130364980257582, -17.424762547947466
-29.056093765597325, -17.67620882112533
-28.98023461556295, -17.914725102484226
-28.893470578535926, -18.156961059663445
-28.814472727593966, -18.386246112175286
-28.732365088479128, -18.61923341359943
-28.640932241280098, -18.8651751014404
-28.540194829984102, -19.13330937549472
-28.456528159964364, -19.366300159599632
-28.35416563122999, -19.604875683784485
-28.253329074883368, -19.82866660458967
-28.14158763072919, -20.056177200749516
-28.032927049382124, -20.267052069772035
-27.921160813071765, -20.483476824127138
-27.803146098274738, -20.694372600875795
-27.678895295539405, -20.905282316729426
-27.5281783050159, -21.132880032528192
-27.388312501774635, -21.332738757599145
-27.240668109676335, -21.54000546503812
-27.097671862575226, -21.734328236430883
-26.951578216452617, -21.937896173913032
-26.805472176347394, -22.135921190027148
-26.650003744580317, -22.330271835438907
-26.489849981328007, -22.520937653724104
-26.32657817233121, -22.71161043830216
-26.160192442534026, -22.904137830715626
-26.010947680159006, -23.092931607272476
-25.861723559442908, -23.29096357896924
-25.731199430883862, -23.48525845305994
-25.591350074857473, -23.69250770844519
-25.459271041909233, -23.888653702568263
-25.32874276523944, -24.08110093092546
-25.198226870503277, -24.279091075528413
-25.04586402629502, -24.46789180673659
-24.8950560677913, -24.654841410461813
-24.74268495006254, -24.839946857187897
-24.605862745433114, -25.00654106074944
-24.459707056346815, -25.182394368108362
-24.316661145479884, -25.35454542376101
-24.17832945822738, -25.54331477964297
-24.030606472864747, -25.715476285200566
-23.878227063338272, -25.896886438596994
-23.733593203651253, -26.056107494514436
-23.578079224622343, -26.230134054087102
-23.413202849391382, -26.4004862383008
-23.231202010065317, -26.581962588243186
-23.05226965190377, -26.74126028921455
-22.854662063298747, -26.915380915626884
-22.65540460293414, -27.04885695176199
-22.44841396593256, -27.21006500022486
-22.24287911230931, -27.32507857074961
-22.020170239615254, -27.429044626187533
-21.809912890254054, -27.523744605015963
-21.593390545924194, -27.605525041930377
-21.375296788930427, -27.68176603829488
-21.15563574875705, -27.754315232858062
-20.935954060289077, -27.817626228090376
-20.7131501964177, -27.87909654341638
-20.479445564036723, -27.946134162135422
-20.25353603757685, -28.013154356274754
-20.02450846438296, -28.08018151205033
-19.790799693844747, -28.14537147525698
-19.547716145403683, -28.201344136614352
-19.317104766727425, -28.257288923487067
-18.905700521718245, -28.33765712985769
-18.678091581794433, -28.341861026827246
-18.447356338554528, -28.342376607470214
-18.21504969027592, -28.33735274709761
-17.984289681073278, -28.3267824803479
-17.756672481948044, -28.327291077934206
-17.52904702851083, -28.324104389175773
-17.29826637642691, -28.30429591052234
-17.065914318664, -28.278947988525033
-16.819514552422334, -28.246240854728967
-16.57466967916116, -28.211682590655982
-16.3313755755662, -28.173425558488816
-16.083379639778286, -28.124093134421855
-15.847835240710992, -28.065494639333338
-15.582681814150419, -28.012505238410085
-15.320634047791827, -27.953965946100652
-15.072559692256618, -27.8695283443667
-14.830704916617833, -27.77768624620512
-14.590413295081817, -27.68768829992041
-14.364165257080458, -27.60320191923529
-14.130138625216205, -27.526123505551368
-13.913269491458777, -27.452702053356916
-13.69956380862277, -27.399597665760666
-13.47338595445035, -27.34652113681659
-13.242559930775315, -27.306388524826616
-13.028940930729732, -27.29208455234766
-12.785725286521483, -27.28893258376047
-12.55821130296681, -27.33563204901293
-12.322922841005493, -27.391587119549513
-12.082969695795327, -27.453095552045852
-11.83362527139252, -27.497996117919683
-11.59203468071064, -27.524402869399637
-11.339506170945242, -27.539748154580593
-11.096327666076832, -27.55322490213439
-10.842236008436885, -27.56672601774335
-10.589715753099881, -27.585766562260687
-10.338775151409209, -27.61404181830585
-10.114366809371859, -27.655191343277693
-9.896198679460213, -27.698174574878067
-9.679581315605901, -27.737459040246904
-9.455156460637227, -27.77121799206361
-9.226005016942509, -27.782815711572766
-9.003056645567995, -27.779618381988257
-8.764480916026514, -27.759827113244683
-8.5227623838, -27.72895696433261
-8.277921682980377, -27.696246134117246
-8.031534339534119, -27.6690817005001
-7.778910912864376, -27.641931186430156
-7.532515321567189, -27.611071459949017
-7.2970328840310685, -27.580187354702502
-7.0553143610595725, -27.54931716993451
-6.816705627948977, -27.51474473811686
-6.5703182956785895, -27.487580267246813
-6.317694877972826, -27.460429716855288
-6.063512439955957, -27.43328264122829
-5.804640557325911, -27.40060308529064
-5.545772804995067, -27.36977116158232
-5.288455823843833, -27.335240471642464
-5.032693740155082, -27.298858654219657
-4.790876205312088, -27.223645065911114
-4.550671335600782, -27.17244730470702
-4.310425209347159, -27.10277314390987
-4.079545593936928, -27.03862100513652
-3.84397653688211, -26.968936388380826
-3.6130886785686016, -26.901088959537446
-3.375960608944297, -26.831407812889665
-3.1388201632071286, -26.756183742079884
-2.9016673465957865, -26.67541674617678
-2.666081806703005, -26.59834154229611
-2.433601936965715, -26.515716452151537
-2.1964161279029213, -26.420168324373662
-1.9623359877732582, -26.31907030940056
-1.7360550902085379, -26.21980252256617
-1.5035546103608795, -26.127939213998616
-1.278861618367955, -26.041601413395256
-1.0479242914589122, -25.951582251582295
-0.8138813039986417, -25.867112963460386
-0.5783246764913201, -25.802971187978983
-0.335010071285069, -25.755475564394146
-0.10572253633290529, -25.706100969575346
0.1453995464835316, -25.653079820796847
0.3778092444408685, -25.601864534895867
0.6195978183532134, -25.539584293495864
0.8504897415987216, -25.46988912113011
1.0814270330010913, -25.379869911354035
1.3108382976497523, -25.275066097266972
1.5433676001266576, -25.17026923969388
1.7837208776036277, -25.05255630100146
2.0256001729285344, -24.949627955444157
2.2815395299112424, -24.83379744924605
2.5203337690327317, -24.716081015300006
2.7606911483453587, -24.596520415507257
3.001015525427647, -24.491740924771875
3.236658709240146, -24.388798628468066
3.4770078228320926, -24.2729332880117
3.7079821840161458, -24.16628526011482
3.946788762928918, -24.043025872204453
4.180905899440404, -23.92529895575717
4.415031278913375, -23.80387675575912
4.624253557238262, -23.663922474719584
4.84751939191483, -23.518456589896232
5.0567210372537374, -23.387740498874336
5.276806955458596, -23.269982237368822
5.495276107918471, -23.178087443113327
5.7246254158671945, -23.100998121779412
5.955558482790366, -23.01282643666491
6.183381751470733, -22.920952506363392
6.411229759280104, -22.817992734722793
6.631319772335701, -22.69838680466637
6.840537871757988, -22.56028011534363
7.038925294706132, -22.385196276474744
7.252911164541729, -22.20645194966346
7.460599092300981, -22.055408291053027
7.655901439487934, -21.86553636426106
7.86206744343508, -21.69786046212539
8.08697880199179, -21.513597555458546
8.274399430374615, -21.362508646212518
8.475834745389875, -21.21884160861373
8.661679845186882, -21.07513977214694
8.844411024067085, -20.929583333432674
9.019347091962118, -20.784009497612715
9.181790375034325, -20.647646019235253
9.477059657685459, -20.37300531147048
9.647364001022652, -20.207096990197897
9.800502619706094, -20.0485409530811
9.959897934109904, -19.88076063245535
10.113053035573103, -19.714814032893628
10.264665606606286, -19.541473392397165
10.406919924193062, -19.36995951505378
10.564813918492291, -19.17630875390023
10.69770173652796, -19.01031691674143
10.84622510499321, -18.82403583312407
10.97756626008777, -18.652497594244778
11.121400188014377, -18.471748989075422
11.262103703513276, -18.29653634177521
11.398142519989051, -18.11577033577487
11.524823087325785, -17.936831096187234
11.64994875289267, -17.756040735170245
11.78131461731391, -17.573416648432612
11.90488537872443, -17.390775166917592
12.019110256049316, -17.204417530912906
12.119316319585778, -17.012485664337873
12.205540673050564, -16.79835081566125
12.288692333735526, -16.563884973991662
12.356200194742996, -16.353403655812144
12.434732505120337, -16.093060422688723
12.497612773557194, -15.860396993346512
12.56364405847853, -15.61295940540731
12.617182570451405, -15.374732183292508
12.661358713463414, -15.140179368667305
12.713346446340438, -14.898253390565515
12.75753907597391, -14.65631001535803
12.800185052037705, -14.408820244017988
12.836586704594083, -14.165011836681515
12.86673990660347, -13.926732434425503
12.890673519927077, -13.68104855902493
12.902077258448116, -13.461203805636615
12.915105979132932, -13.21180029772222
12.931199142942205, -12.98642306169495
12.96600054105511, -12.76108756987378
13.035092115402222, -12.539523889310658
13.121324656123761, -12.32169375102967
13.204414418607485, -12.114942492451519
13.292193603294436, -11.90265875030309
13.392416079645045, -11.703336313832551
13.501972054073121, -11.513272944837809
13.611540392041206, -11.317666655872017
13.758492204127833, -11.136924968101084
13.935032395937014, -10.9710304858163
14.099108671827707, -10.8014128934592
14.246023365238216, -10.637299953959882
14.39295454591047, -10.465796454809606
14.53209062415408, -10.294275559484959
14.665019478357863, -10.109807271976024
14.798001918301452, -9.90131967002526
14.913781554438174, -9.716813117265701
15.038956522592343, -9.51385103771463
15.159417328541167, -9.327507277019322
15.289244611980394, -9.135641468688846
15.417508747021202, -8.945619816891849
15.545781121589243, -8.751902885269374
15.670943698089104, -8.554483716841787
15.797652924142312, -8.362610942684114
15.918134312611073, -8.167028976138681
16.041717242682353, -7.978844521101564
16.16996073781047, -7.798061058390886
16.30441557249287, -7.628377343993634
16.435764729219954, -7.453143752645701
16.56868526589824, -7.272370717953891
16.695390333828982, -7.082345572300255
16.820556988357566, -6.883078750222921
16.94727441476425, -6.687510681338608
17.07243693730561, -6.490091495681554
17.199166717065964, -6.288980504963547
17.324329229595605, -6.09156131464988
17.44793271884555, -5.894138644915074
17.566896244999953, -5.6800767835229635
17.70759946538601, -5.504864042624831
17.97167120699305, -5.2375440783798695
18.184394257084932, -4.925765987485647
18.30168332986068, -4.763434547465295
18.47662721859524, -4.614165260456502
18.615812603733502, -4.420472633559257
18.74874130327953, -4.236004291567951
18.887893704988528, -4.05709277652204
19.0223855341319, -3.870780267752707
19.217580143304076, -3.72894673794508
19.406546918209642, -3.5834040138870478
19.600186619791202, -3.4397193589247763
19.784468084631953, -3.2978614759631455
19.954734871455003, -3.148581729736179
20.109448564762715, -2.982638451270759
20.264166376553476, -2.81484752940014
20.41889242338948, -2.643361327238381
20.579871020978317, -2.4644984737969935
20.73617256199941, -2.2856251848861575
20.88936430204194, -2.103049660101533
21.03787898342125, -1.920463700313121
21.195735404035076, -1.7434415211901069
21.34894773288397, -1.551627792418003
21.495878653309774, -1.3801241852343082
21.650604658701923, -1.2086379630491138
21.80843220720999, -1.04454925050959
21.974038356274832, -0.8878684798255563
22.15208779281238, -0.7441490031778812
22.311391923809424, -0.6170165524818003
22.46137491351692, -0.47508211759850383
22.614459452568553, -0.3405451946891844
22.880011644621845, -0.10833372548222542
23.158011240477208, 0.11276409542188048
23.437553355761338, 0.3264678898267448
23.748271685966756, 0.5382545115426183
23.921557482972275, 0.6431840220466256
24.13063474505907, 0.71847133198753
24.344360211573076, 0.7808147389441729
24.576818605244625, 0.8542022653855383
24.795237599522807, 0.9239258104935288
25.013648349791765, 0.9899540804326534
25.391198346100282, 1.1092092748731375
25.597099867707584, 1.1586366165429354
25.816999579197727, 1.193251554388553
26.022793967509642, 1.194640276953578
26.251887090737, 1.1571764228865504
26.46224729088135, 1.108668455388397
26.730278766015545, 1.0544889410957694
26.981222856324166, 1.0280622695572674
27.23221227072645, 1.021959641482681
27.48635679500876, 1.032478821463883
27.726457808923442, 1.0374863762408495
27.983708009240218, 1.0424556974321604
28.230040971422568, 1.0456017209216952
28.482614119595382, 1.0505814827047288
28.72580844577169, 1.0444962736219168
28.959586873359513, 1.010717331431806
29.18551666062558, 0.9529364630579948
29.406691125885118, 0.8600608776323497
29.629346340138, 0.7320766663178802
29.83637019211892, 0.5856508282013237
30.030930148612242, 0.44294807966798544
30.239533627289347, 0.30575697077438235
30.46218474773923, 0.17592514073476195
30.681726075767074, 0.04979554610326886
30.90439779974986, -0.07079807436093688
31.11146288056625, -0.19874749146401882
31.321646001480985, -0.3267038566991687
31.51934875000734, -0.4583276896737516
31.712395047477912, -0.5807028925046325
31.911660942889284, -0.7104825531132519
32.106282744091004, -0.8254706668667495
32.2946725966176, -0.9385972339659929
32.48463383043418, -1.046184355393052
32.688613869133405, -1.1593456701375544
32.88945939904079, -1.2798905884847045
33.085599050915334, -1.4133585533127189
33.28324829880148, -1.5690016644075513
33.493344980699476, -1.7357584130950272
33.68943934264826, -1.8895504008978605
33.87306156696286, -2.0433145803399384
34.03795499325497, -2.206275250762701
34.1903680433752, -2.3729033949784935
34.320930137939285, -2.5505687203258276
34.45144281536341, -2.7504057162441313
34.58817509235814, -2.957647170871496
34.728021292132325, -3.166743213776499
34.88033552467823, -3.377714696340263
35.02485879039159, -3.586821159347892
35.178740288480185, -3.7941008317284286
35.32014141220134, -4.0050479816272855
35.48030430084327, -4.192017515189946
35.64514012890868, -4.38084511179477
35.811539102112874, -4.567828539758921
35.97797102644108, -4.74003084981814
36.156879222311545, -4.910413317382336
36.33269821398426, -5.067855355329812
36.50382368598366, -5.232677522115409
36.67336955410428, -5.406734410207719
36.84293601941317, -5.571553097106516
36.99997680535307, -5.7603632947430015
37.15228700620355, -5.973182380199432
37.29684330354212, -6.167507693171501
37.4398282362381, -6.367372447159141
37.5703698520083, -6.554275924805552
37.69148323696572, -6.77441606298089
37.80635231744964, -6.998237580992281
37.92588198656449, -7.229460078291595
38.07042184565216, -7.431175937410444
38.186845843098126, -7.656848563812673
38.33603806421161, -7.869660680647939
38.45246207294986, -8.09533330379054
38.57202883181162, -8.309927036985755
38.69625618046848, -8.531921750400215
38.82518941588933, -8.740993410814553
38.952551286958624, -8.955604512244463
39.07368531927932, -9.166506435722113
39.19325210474199, -9.381100159604102
39.28631145716645, -9.597482456825674
39.37624865816906, -9.815705442801118
39.46147998224478, -10.04685147991404
39.5482991533936, -10.265067517291754
39.63819930702448, -10.499919256195426
39.72186338889878, -10.734757095575333
39.7883659095387, -10.975099635776132
39.854851962823886, -11.222832733299583
39.910433123179246, -11.466846227645874
39.972262715979014, -11.705330702476203
40.034108779917005, -11.936424618586898
40.11937307904009, -12.152789534069598
40.19686287350487, -12.359898881055415
40.26805071020499, -12.596556560136378
40.33770423877286, -12.82212492544204
40.380817380326334, -13.064262985251844
40.40212895965669, -13.295266564469784
40.38135524687823, -13.522481059189886
40.345044864108786, -13.725641493685544
40.27287291287212, -13.930569658987224
40.18196390301455, -14.148389607202262
40.08944645576412, -14.388377754949033
40.01253978878958, -14.619162447284907
39.948101158079226, -14.851822574157268
39.87896487931721, -15.09371047327295
39.82388036343036, -15.32639144686982
39.75631544884527, -15.562739902641624
39.6841270015575, -15.775058621075004
39.57766482041916, -15.97621506312862
39.45562067144783, -16.173641479574144
39.3273363201879, -16.372901637107134
39.18970195943257, -16.570293304044753
39.0489495555521, -16.76767802145332
38.91130695049651, -16.96876496449113
38.77990042004967, -17.169865804724395
38.662529182911385, -17.369150274433196
38.54826362762833, -17.57398461177945
38.43712434376357, -17.775130616500974
38.327535839693155, -17.979975374881178
38.233599302591756, -18.15714028524235
38.100666666287, -18.343456525355577
37.953723432612605, -18.520503293257207
37.775620375643484, -18.688242365140468
37.59910104377195, -18.844899073708802
37.42099385679467, -19.014485778752714
37.270940794143826, -19.18783030891791
37.12086301960517, -19.372260672040284
36.97858034167439, -19.556708408519626
36.83315902407048, -19.750387389678508
36.69239829166327, -19.951467351987958
36.55007441469934, -20.1543914754875
36.39688268932514, -20.336967239622027
36.24993115657708, -20.51770926034078
36.09524629305815, -20.670719312969595
35.9280769021716, -20.82924448000267
35.77962811145699, -20.982268426567316
35.60780635883566, -21.129697325639427
35.42349184543127, -21.28633661940694
35.243858504574746, -21.441138695459813
35.0642045676359, -21.605178964324296
34.89231689629378, -21.782170083839446
34.72821608564118, -21.96287385560572
34.56567017355701, -22.145428738556802
34.40780543675646, -22.32614640519023
34.24838578957133, -22.505012954585254
34.106160675233696, -22.663593696430326
33.942105144204106, -22.823973418213427
33.78591472969856, -22.95296064624563
33.61721095739631, -23.10039646178484
33.45634347124724, -23.229373255278915
33.27056047646329, -23.345360965002328
33.06761177239241, -23.468700997531414
32.85998187639052, -23.593878238927573
32.65544530801708, -23.730148264206946
32.48358227068093, -23.896053502801806
32.29148490750231, -24.04713244177401
32.09470635349862, -24.200048588216305
31.922818583785556, -24.37703965511173
31.7509555228753, -24.542944882065058
31.555719497438986, -24.70325505314395
31.363663294294383, -24.835857577621937
31.14983845775714, -24.942544484045357
30.93443812034093, -25.056618470232934
30.72375603072578, -25.152226482052356
30.49592058523558, -25.249643893912435
30.2805490695755, -25.350784390233457
30.05890026682755, -25.47038736892864
29.852845789748244, -25.588177466765046
29.635861682065297, -25.7133337832056
29.429827797575854, -25.82188567239791
29.209803909470793, -25.911929878871888
28.983568649564404, -25.99087433796376
28.749546515755355, -26.06610613130033
28.529551456624176, -26.143216846045107
28.306471307063475, -26.205539487302303
28.084987254813313, -26.251236844342202
27.854173788335174, -26.285827500279993
27.617111876781564, -26.325947165489197
27.387840953248087, -26.367931845597923
27.153897078416776, -26.408058451954275
26.921557546244003, -26.427864495664835
26.678346063476056, -26.429169801995158
26.438285584852565, -26.415700939949602
26.190442357445136, -26.39667177060619
25.948822858685162, -26.38319942075759
25.700967274489813, -26.36971315741539
25.462465819960926, -26.3562477491796
25.211496314324904, -26.340906881261617
24.96987269766396, -26.329282145481557
24.731371242611203, -26.315816719084978
24.48510352667654, -26.28940042667091
24.24510074191494, -26.250064559280872
23.994230132899247, -26.190380312036723
23.758945625799242, -26.132578467950225
23.512747966393363, -26.074752279091626
23.274341298732907, -26.018791109789163
23.032808349234983, -25.96651825821027
22.786585975438356, -25.91977788694203
22.548146346060093, -25.878597816452384
22.30347063532099, -25.83740383014083
22.071275339927524, -25.792542377021164
21.834386498259846, -25.755061043892056
21.605301007570233, -25.713901813607663
21.377786903467495, -25.667203134857118
21.150281043781433, -25.61680917488411
20.930570293334313, -25.566432594321668
20.703089165559504, -25.50495278602466
20.481840004737023, -25.445334521587938
20.25282871030504, -25.370917747728527
20.016009948391, -25.30202650092542
19.783888860838488, -25.223907482344657
19.545552298775874, -25.13653635047376
19.32437321828911, -25.045508188661188
19.103264207893517, -24.923070149496198
18.880583816964645, -24.806171546224505
18.68447685992578, -24.657922189682722
18.51024978730129, -24.48570220405236
18.35008276323788, -24.3005800396204
18.19772734021535, -24.108084704726934
18.04536780138733, -23.917437004856765
17.888310596405063, -23.736017068382353
17.72811062191613, -23.565676010213792
17.550777908647433, -23.387906132265925
17.37651790585369, -23.230467243585736
17.18358675116906, -23.05635785823688
16.99529969325522, -22.897040019743145
16.786716512870044, -22.750610440503806
16.585949053347576, -22.594960048329085
16.372738287202083, -22.426348350010812
16.167297900188714, -22.268839875701815
15.958751844416838, -22.105781523045152
15.756429512344766, -21.948279995005578
15.56345306953881, -21.79449461447075
15.354894667048939, -21.63697916502133
15.16036333568627, -21.481342657469213
14.97207633801736, -21.322024781256914
14.80249347485369, -21.164596279151738
14.648471964988858, -21.020136036444455
14.505371851439122, -20.87200486054644
14.365426885196939, -20.707251884043217
14.22554788045818, -20.512936673127115
14.102838722174056, -20.309421526268125
13.969191690324806, -20.11696786619723
13.81844078580616, -19.904151904862374
13.686389886017423, -19.695072962436825
13.537185646884609, -19.48780339350924
13.387969046132639, -19.286076741293073
13.235638533427846, -19.082495489157736
13.10202863678569, -18.873413059860468
12.990257400553674, -18.658836412243545
12.886322497623041, -18.42580076213926
12.80575229198439, -18.202055487316102
12.726769967004657, -17.96538021462038
12.652481197321322, -17.72132482053712
12.567287536046933, -17.4735497944057
12.480530736211222, -17.227618928067386
12.381272923201323, -16.994593707844615
12.28359886945691, -16.75048612896353
12.19835987483384, -16.52303513325751
12.13184974010801, -16.28638768568635
12.093410210043658, -16.046107579488307
12.070560882915743, -15.805862258188426
12.060167224146426, -15.57303532678634
12.048251649423037, -15.32357616070658
12.030104124103673, -15.072255440056324
11.999480314436369, -14.822754526510835
11.968873000296298, -14.565863056574017
11.932046100846492, -14.301567111164331
11.887403488683049, -14.046491969842464
11.833394395303912, -13.796938874293119
11.777805668243673, -13.556620495859534
11.720653803960886, -13.318146277684718
11.66350606305059, -13.077824420295656
11.609468120266683, -12.841204798780382
11.54918997734785, -12.606418901588768
11.492017509415746, -12.377182880416512
11.427087052259594, -12.131300707347691
11.362111245456617, -11.905742569826543
11.292466632439755, -11.676478715613484
11.218132593785413, -11.452747339848429
11.14378618937917, -11.234558885451406
11.06788489461178, -11.014519311022013
10.982621240371373, -10.798154139891267
10.889517140807584, -10.602095609530807
10.706356900162064, -10.241395372897387
10.599246377300005, -10.034219690598547
10.501481730898377, -9.830760159995407
10.405321460042614, -9.606980071868747
10.30757743556751, -9.39428234146908
10.212947329739109, -9.183439207728952
10.119868000329006, -8.976294831838459
10.023658267629799, -8.77468641474843
9.927432045747992, -8.580468555446714
9.823427227442153, -8.378842738922685
9.725625501596369, -8.192011956125498
9.626264760852791, -8.005177693907171
9.5253243909101, -7.827578148338944
9.416593052796088, -7.648113563656807
9.309412490401883, -7.472347738686949
9.191360033932142, -7.27808116003871
9.068638778233435, -7.080108864232898
8.942782992089633, -6.889520167838782
8.810670522041619, -6.7081557479687035
8.676990791514982, -6.530483127105981
8.549551262811292, -6.350976781919599
8.327337379625533, -6.0252946661785245
8.226388804032467, -5.8513903841376305
8.047905802435707, -5.490700533613563
7.959450003516395, -5.307585889007896
7.861631846812088, -5.128145644441247
7.745126096648164, -4.939425446558744
7.611512391071301, -4.732190576847643
7.4794370858580805, -4.534197382628918
7.345782151503954, -4.345438905060291
7.210535213991534, -4.171458062250167
7.086164290609304, -4.014130332041532
6.952443389571272, -3.854934080503881
6.815592085360549, -3.701273787766695
6.672504713700619, -3.547599574085325
6.52162637852598, -3.392060321290046
6.370719182887115, -3.249454542528838
6.082861730945297, -2.9975318065844476
5.931933927582577, -2.86416421784088
5.762330904777627, -2.7159737520851195
5.612995120463893, -2.5678285220637918
5.449628178495914, -2.4196519711986184
5.287820263940375, -2.2714788974262774
5.138500987843145, -2.1159431021660566
4.996976807247847, -1.960424704477191
4.863268340472132, -1.7956855054944754
4.72955162730068, -1.6346415844745934
4.588056329987012, -1.466189703438431
4.440333215810824, -1.2940286211669445
4.287933051818982, -1.12185709644109
4.135524646786507, -0.9533808482810855
3.976884299016092, -0.7830430371686816
3.815125924127642, -0.6126982644200325
3.6517920395708643, -0.44974056584760547
3.485344247717876, -0.28492826456204057
3.3220062471809797, -0.12381819961592555
3.150852544757072, 0.028071070555597544
2.984338778478559, 0.16332114534452558
2.825599477859214, 0.2893156260251999
2.65125351207098, 0.4079543543048203
2.4769034234341234, 0.5247454456984997
2.289986332412809, 0.59906867146492
1.862968205998186, 0.6683849701657891
1.6369395713554695, 0.6818231153301895
1.250361031095963, 0.7085532387718558
0.9588701706379652, 0.7295281407423317
0.7499907282763161, 0.742928019259125
0.54753298452124, 0.8394577600993216
